,City,Cloudiness,Country,Date,Humidity,Lat,Lng,Max Temp,Wind Speed
0,Rikitea,100,PF,2020-10-25,82,-23.12,-134.97,23.61,10.08
1,Mar del Plata,90,AR,2020-10-25,100,-38.0,-57.56,16.11,1.36
2,Brigantine,90,US,2020-10-25,93,39.41,-74.36,12.78,3.6
3,Tuatapere,96,NZ,2020-10-25,57,-46.13,167.68,12.22,3.13
4,Katsuura,75,JP,2020-10-25,62,35.13,140.3,17.22,3.1
5,Kruisfontein,100,ZA,2020-10-25,96,-34.0,24.73,16.11,0.89
6,Atuona,2,PF,2020-10-25,75,-9.8,-139.03,26.07,9.25
7,Punta Arenas,75,CL,2020-10-25,81,-53.15,-70.92,7.0,1.0
8,Tazovsky,4,RU,2020-10-25,95,67.47,78.7,-14.99,3.69
9,Upernavik,65,GL,2020-10-25,76,72.79,-56.15,-10.05,2.18
10,Airai,97,TL,2020-10-25,74,-8.93,125.41,21.86,0.76
11,Tura,1,IN,2020-10-25,95,25.52,90.22,20.2,0.9
12,Praia da Vitória,75,PT,2020-10-25,82,38.73,-27.07,17.78,0.2
13,Bambous Virieux,75,MU,2020-10-25,88,-20.34,57.76,22.78,8.2
14,Gazojak,4,TM,2020-10-25,44,41.19,61.4,10.5,4.35
15,Cap Malheureux,69,MU,2020-10-25,75,-19.98,57.61,22.78,4.02
16,Tasiilaq,100,GL,2020-10-25,97,65.61,-37.64,0.0,5.7
17,Mitú,100,CO,2020-10-25,93,1.2,-70.17,23.98,0.83
18,Bluff,75,NZ,2020-10-25,57,-46.6,168.33,12.22,3.13
19,Athabasca,54,CA,2020-10-25,87,54.72,-113.29,-4.79,3.1
20,Sola,90,VU,2020-10-25,88,-13.88,167.55,27.0,8.12
21,Cape Town,0,ZA,2020-10-25,77,-33.93,18.42,16.0,6.2
22,Sitka,90,US,2020-10-25,86,57.05,-135.33,5.0,7.2
23,Palu,100,ID,2020-10-25,72,-0.89,119.87,27.8,0.59
24,Constitución,0,CL,2020-10-25,74,-35.33,-72.42,10.56,6.34
25,Howard Springs,40,AU,2020-10-25,66,-12.5,131.05,31.11,1.5
26,Davila,75,PH,2020-10-25,83,18.47,120.58,27.0,4.1
27,Nuuk,100,GL,2020-10-25,73,64.18,-51.72,-4.0,4.6
28,Khatanga,95,RU,2020-10-25,95,71.97,102.5,-14.39,4.28
29,Hobart,75,AU,2020-10-25,50,-42.88,147.33,13.89,5.1
30,Chui,100,UY,2020-10-25,89,-33.7,-53.46,19.17,5.74
31,Vaini,90,TO,2020-10-25,88,-21.2,-175.2,23.0,5.7
32,Hamilton,90,US,2020-10-25,66,39.18,-84.53,12.0,2.1
33,Yellowknife,75,CA,2020-10-25,79,62.46,-114.35,-2.0,1.0
34,Mataura,95,NZ,2020-10-25,57,-46.19,168.86,12.22,3.13
35,Port Alfred,92,ZA,2020-10-25,86,-33.59,26.89,17.29,1.29
36,Pandan,100,PH,2020-10-25,84,14.05,124.17,26.95,7.91
37,Viet Tri,75,VN,2020-10-25,64,21.3,105.43,23.0,2.1
38,Hithadhoo,61,MV,2020-10-25,67,-0.6,73.08,28.66,2.65
39,Huarmey,45,PE,2020-10-25,83,-10.07,-78.15,17.59,4.11
40,East London,97,ZA,2020-10-25,70,-33.02,27.91,18.99,0.65
41,Mehamn,62,NO,2020-10-25,92,71.04,27.85,0.33,8.3
42,Bethel,90,US,2020-10-25,61,41.37,-73.41,9.0,1.5
43,Barrow,90,US,2020-10-25,68,71.29,-156.79,-3.0,3.6
44,Busselton,0,AU,2020-10-25,50,-33.65,115.33,21.11,3.98
45,Gravdal,75,NO,2020-10-25,86,68.12,13.5,5.0,4.6
46,Boueni,0,YT,2020-10-25,83,-12.9,45.08,25.0,2.1
47,Port Hedland,71,AU,2020-10-25,73,-20.32,118.57,25.0,5.7
48,Ballina,90,AU,2020-10-25,88,-28.87,153.57,22.78,2.1
49,Camacha,40,PT,2020-10-25,82,33.08,-16.33,20.0,4.6
50,Saint Paul Harbor,90,US,2020-10-25,87,57.79,-152.41,9.0,4.6
51,Laas,90,IT,2020-10-25,93,46.62,10.7,12.22,2.6
52,Cherskiy,100,RU,2020-10-25,96,68.75,161.3,-8.76,0.4
53,Edmundston,1,CA,2020-10-25,54,47.37,-68.33,-1.0,2.6
54,Narsaq,100,GL,2020-10-25,41,60.92,-46.05,6.0,12.9
55,Karratha,85,AU,2020-10-25,55,-20.74,116.85,23.57,5.84
56,Umluj,0,SA,2020-10-25,47,25.02,37.27,25.9,0.77
57,Faanui,12,PF,2020-10-25,73,-16.48,-151.75,26.62,3.49
58,Ilulissat,73,GL,2020-10-25,61,69.22,-51.1,-11.0,1.5
59,San Patricio,1,US,2020-10-25,100,28.02,-97.52,27.0,6.7
60,Bredasdorp,100,ZA,2020-10-25,93,-34.53,20.04,16.0,4.1
61,Chul'man,100,RU,2020-10-25,94,56.85,124.91,-3.57,1.38
62,Tocache,100,PE,2020-10-25,75,-8.18,-76.51,24.62,0.45
63,Beringovskiy,38,RU,2020-10-25,91,63.05,179.32,-0.48,0.85
64,Hermanus,88,ZA,2020-10-25,92,-34.42,19.23,15.56,0.89
65,New Norfolk,2,AU,2020-10-25,45,-42.78,147.06,13.89,0.96
66,Yārāda,75,IN,2020-10-25,100,17.65,83.27,25.0,1.5
67,Saint-Pierre,0,RE,2020-10-25,68,-21.34,55.48,21.0,3.1
68,Lebu,0,CL,2020-10-25,74,-37.62,-73.65,9.32,2.27
69,Moose Factory,90,CA,2020-10-25,68,51.26,-80.61,-3.0,2.1
70,Arraial do Cabo,81,BR,2020-10-25,84,-22.97,-42.03,22.5,4.0
71,Aragarças,100,BR,2020-10-25,78,-15.9,-52.25,25.71,0.66
72,Pitrufquén,0,CL,2020-10-25,66,-38.98,-72.65,12.0,3.6
73,Ayotzintepec,96,MX,2020-10-25,81,17.67,-96.13,24.69,0.42
74,Butaritari,50,KI,2020-10-25,71,3.07,172.79,27.38,4.1
75,Westport,90,US,2020-10-25,58,41.14,-73.36,12.0,5.1
76,Kalmunai,89,LK,2020-10-25,80,7.42,81.82,25.63,2.38
77,Ixtapa,75,MX,2020-10-25,66,20.7,-105.2,32.0,3.1
78,Flinders,75,AU,2020-10-25,93,-34.58,150.86,15.0,5.7
79,Hilo,40,US,2020-10-25,55,19.73,-155.09,31.0,5.1
80,Nanortalik,99,GL,2020-10-25,89,60.14,-45.24,1.53,6.25
81,Aksu,100,CN,2020-10-25,49,41.12,80.26,7.46,1.92
82,Buala,80,SB,2020-10-25,69,-8.14,159.59,29.49,0.46
83,Pontianak,89,ID,2020-10-25,82,-0.03,109.33,26.63,1.39
84,Jamestown,90,US,2020-10-25,70,42.1,-79.24,7.22,4.1
85,Nemuro,0,JP,2020-10-25,71,43.32,145.57,10.59,8.47
86,Otavi,75,NA,2020-10-25,25,-19.65,17.33,23.64,2.29
87,Albany,0,US,2020-10-25,53,42.6,-73.97,6.67,1.54
88,Canutama,91,BR,2020-10-25,84,-6.53,-64.38,25.0,1.19
89,Verkhnyaya Toyma,78,RU,2020-10-25,98,62.23,45.0,-4.47,1.78
90,Ponta do Sol,20,PT,2020-10-25,68,32.67,-17.1,19.0,2.6
91,Ushuaia,20,AR,2020-10-25,61,-54.8,-68.3,10.0,0.53
92,Chadiza,35,ZM,2020-10-25,57,-14.07,32.44,20.37,2.3
93,George Town,40,MY,2020-10-25,94,5.41,100.34,25.0,2.06
94,Lima,20,PE,2020-10-25,77,-12.04,-77.03,18.0,4.6
95,Saint-Philippe,0,RE,2020-10-25,68,-21.36,55.77,22.0,3.1
96,Qaanaaq,98,GL,2020-10-25,77,77.48,-69.36,-11.76,3.95
97,Hong Kong,100,HK,2020-10-25,78,22.29,114.16,23.33,7.06
98,Bengkulu,100,ID,2020-10-25,86,-3.8,102.27,23.92,2.43
99,Pangody,5,RU,2020-10-25,95,65.85,74.49,-12.63,5.01
100,Lompoc,90,US,2020-10-25,68,34.64,-120.46,18.0,6.2
101,Hasaki,75,JP,2020-10-25,76,35.73,140.83,12.0,1.5
102,Naze,75,JP,2020-10-25,64,28.37,129.48,23.0,2.1
103,Mossamedes,43,AO,2020-10-25,80,-15.2,12.15,20.2,2.42
104,Venado Tuerto,39,AR,2020-10-25,83,-33.75,-61.97,14.44,5.81
105,Uauá,82,BR,2020-10-25,43,-9.84,-39.48,28.08,6.18
106,Kilrush,75,IE,2020-10-25,87,52.64,-9.48,10.0,7.2
107,Kapaa,40,US,2020-10-25,74,22.08,-159.32,28.89,4.1
108,Puerto Ayora,53,EC,2020-10-25,86,-0.74,-90.35,20.0,2.24
109,Dandong,3,CN,2020-10-25,71,40.13,124.39,10.3,1.43
110,San Jose,40,US,2020-10-25,43,37.34,-121.89,22.0,4.6
111,Verkh-Suetka,100,RU,2020-10-25,85,53.3,80.05,3.9,7.1
112,Yelanskiy,100,RU,2020-10-25,97,56.84,62.5,-0.07,2.15
113,Oktyabr'skiy,100,RU,2020-10-25,78,54.48,53.47,3.92,6.66
114,Sioux Lookout,75,CA,2020-10-25,79,50.1,-91.92,-4.0,3.1
115,Kiunga,98,PG,2020-10-25,91,-6.12,141.29,26.27,1.33
116,Gold Coast,90,AU,2020-10-25,73,-28.0,153.43,23.89,4.1
117,Begampur,20,IN,2020-10-25,94,22.74,88.24,24.0,2.0
118,Bambanglipuro,100,ID,2020-10-25,82,-7.95,110.28,26.68,3.58
119,Vila Velha,90,BR,2020-10-25,94,-20.33,-40.29,22.0,3.53
120,Lys'va,100,RU,2020-10-25,96,58.11,57.81,-1.71,0.66
121,Buchanan,34,LR,2020-10-25,86,5.88,-10.05,25.59,2.16
122,Tiksi,100,RU,2020-10-25,90,71.69,128.87,-15.01,13.61
123,Korla,87,CN,2020-10-25,68,41.76,86.15,6.67,0.45
124,Havre-St-Pierre,1,CA,2020-10-25,78,50.23,-63.6,0.0,4.1
125,Mundo Nuevo (Ojo de Agua),83,MX,2020-10-25,79,18.7,-95.5,26.31,3.67
126,Port Elizabeth,75,ZA,2020-10-25,93,-33.92,25.57,17.0,4.1
127,Grindavik,0,IS,2020-10-25,86,63.84,-22.43,5.0,4.6
128,Los Llanos de Aridane,72,ES,2020-10-25,60,28.66,-17.92,22.0,5.1
129,Ubatuba,56,BR,2020-10-25,81,-23.43,-45.07,22.28,3.41
130,Ostrovnoy,100,RU,2020-10-25,94,68.05,39.51,-0.53,3.05
131,Tete,0,MZ,2020-10-25,48,-16.16,33.59,30.0,4.1
132,Coyhaique,75,CL,2020-10-25,57,-45.58,-72.07,9.0,3.1
133,Fethiye,0,TR,2020-10-25,82,36.62,29.12,15.0,2.6
134,Qui Nhon,100,VN,2020-10-25,88,13.77,109.23,24.7,1.87
135,Esperance,0,AU,2020-10-25,58,-33.87,121.9,15.0,9.8
136,Vostok,68,RU,2020-10-25,86,46.49,135.88,2.35,0.85
137,Mount Gambier,2,AU,2020-10-25,58,-37.83,140.77,13.0,10.3
138,Zeya,54,RU,2020-10-25,91,53.75,127.27,0.39,0.62
139,Ucluelet,75,CA,2020-10-25,65,48.93,-125.55,8.33,4.1
140,Panjāb,0,AF,2020-10-25,79,34.39,67.02,-4.59,1.12
141,Mafeteng,99,LS,2020-10-25,48,-29.82,27.24,19.1,1.43
142,Vardø,75,NO,2020-10-25,80,70.37,31.11,1.0,9.8
143,Vila Franca do Campo,20,PT,2020-10-25,82,37.72,-25.43,15.0,3.1
144,Tūkrah,90,LY,2020-10-25,75,32.53,20.58,21.27,2.41
145,Baykit,86,RU,2020-10-25,93,61.67,96.37,-9.34,0.99
146,Thompson,75,CA,2020-10-25,62,55.74,-97.86,-4.0,3.1
147,Pevek,100,RU,2020-10-25,98,69.7,170.31,-3.63,3.11
148,Evensk,100,RU,2020-10-25,86,61.95,159.23,1.39,6.13
149,Portland,20,US,2020-10-25,28,45.52,-122.68,8.33,9.3
150,Provideniya,90,RU,2020-10-25,74,64.38,-173.3,2.0,4.0
151,Ostružnica,20,RS,2020-10-25,100,44.73,20.32,12.0,1.5
152,Vilyuysk,100,RU,2020-10-25,95,63.76,121.62,-8.82,4.95
153,Leshukonskoye,91,RU,2020-10-25,98,64.9,45.76,-6.98,2.0
154,Porto Seguro,75,BR,2020-10-25,88,-16.45,-39.06,25.0,3.1
155,Dikson,100,RU,2020-10-25,98,73.51,80.55,-6.7,5.22
156,Atbasar,100,KZ,2020-10-25,82,51.8,68.33,7.85,7.59
157,Borovskoy,100,KZ,2020-10-25,96,53.8,64.15,8.33,5.19
158,Puerto Escondido,75,MX,2020-10-25,70,15.85,-97.07,29.0,2.6
159,Caravelas,100,BR,2020-10-25,96,-17.71,-39.25,22.47,5.32
160,Lavaca,90,US,2020-10-25,69,28.61,-96.63,27.22,6.2
161,Dabat,74,ET,2020-10-25,59,12.98,37.77,11.39,1.3
162,Asău,100,RO,2020-10-25,98,46.43,26.4,11.67,0.98
163,Yangi Marg`ilon,0,UZ,2020-10-25,49,40.43,71.72,8.0,3.1
164,Torbay,75,CA,2020-10-25,80,47.67,-52.73,5.0,9.3
165,Kampene,100,CD,2020-10-25,98,-3.6,26.67,19.93,0.92
166,Severo-Kuril'sk,93,RU,2020-10-25,82,50.68,156.12,7.7,2.95
167,Scarborough,6,GB,2020-10-25,89,54.28,-0.4,6.67,2.24
168,Bonthe,5,SL,2020-10-25,85,7.53,-12.51,25.74,2.42
169,Saint-Félicien,90,CA,2020-10-25,64,48.65,-72.45,1.0,1.5
170,Lichuan,99,CN,2020-10-25,67,30.3,108.85,11.36,0.1
171,Fortuna,1,US,2020-10-25,66,40.6,-124.16,16.11,4.1
172,Necochea,100,AR,2020-10-25,91,-38.55,-58.74,13.33,5.81
173,Iisalmi,90,FI,2020-10-25,93,63.56,27.19,3.0,4.1
174,Emba,100,KZ,2020-10-25,71,48.83,58.14,12.58,9.09
175,Kahului,40,US,2020-10-25,46,20.89,-156.47,34.0,6.7
176,Fairbanks,1,US,2020-10-25,79,64.84,-147.72,0.56,1.68
177,Iqaluit,75,CA,2020-10-25,85,63.75,-68.51,-10.0,1.5
178,Chapais,90,CA,2020-10-25,79,49.78,-74.85,-3.0,1.5
179,Olafsvik,100,IS,2020-10-25,81,64.89,-23.71,5.59,10.12
180,Gornopravdinsk,99,RU,2020-10-25,97,60.05,69.9,0.54,2.06
181,El Salvador,20,SV,2020-10-25,100,13.83,-88.92,26.0,1.5
182,Mapimí,5,MX,2020-10-25,13,25.82,-103.85,35.0,1.53
183,Sayansk,0,RU,2020-10-25,93,54.11,102.16,-6.31,1.5
184,Yar-Sale,68,RU,2020-10-25,96,66.83,70.83,-11.55,4.52
185,Shubarkuduk,84,KZ,2020-10-25,80,49.14,56.49,11.73,9.1
186,Avarua,79,CK,2020-10-25,69,-21.21,-159.78,26.0,5.7
187,Saint George,74,US,2020-10-25,37,37.1,-113.58,13.89,11.3
188,Saldanha,16,ZA,2020-10-25,82,-33.01,17.94,14.0,3.1
189,Saskylakh,100,RU,2020-10-25,94,71.92,114.08,-13.13,4.68
190,Monte di Procida,20,IT,2020-10-25,87,40.8,14.05,16.0,1.0
191,Ahipara,2,NZ,2020-10-25,63,-35.17,173.17,20.76,3.02
192,Houston,90,US,2020-10-25,88,29.76,-95.36,24.0,6.7
193,Antofagasta,75,CL,2020-10-25,72,-23.65,-70.4,15.0,5.1
194,Clyde River,40,CA,2020-10-25,85,70.47,-68.59,-11.0,4.1
195,Sistranda,20,NO,2020-10-25,81,63.73,8.83,8.0,6.2
196,Alyangula,90,AU,2020-10-25,94,-13.85,136.42,24.0,1.0
197,Mayo,90,US,2020-10-25,87,38.89,-76.51,11.0,3.1
198,Broome,90,US,2020-10-25,45,42.25,-75.83,8.33,2.36
199,Taltal,20,CL,2020-10-25,56,-25.4,-70.48,16.02,2.73
200,Waingapu,100,ID,2020-10-25,64,-9.66,120.26,28.35,2.04
201,Gmina Szubin,90,PL,2020-10-25,100,53.01,17.74,10.56,5.1
202,Yuanping,0,CN,2020-10-25,50,38.72,112.76,11.92,1.66
203,Mahébourg,75,MU,2020-10-25,88,-20.41,57.7,22.0,8.2
204,Mombetsu,27,JP,2020-10-25,70,44.35,143.35,10.56,5.36
205,Merauke,82,ID,2020-10-25,63,-8.47,140.33,29.11,2.82
206,Coahuayana Viejo,40,MX,2020-10-25,83,18.73,-103.68,27.0,6.2
207,Seoul,1,KR,2020-10-25,100,37.57,126.98,9.0,0.64
208,Kaseda-shirakame,20,JP,2020-10-25,81,31.42,130.32,11.0,2.1
209,Panabá,21,MX,2020-10-25,92,21.28,-88.27,24.7,3.86
210,Touros,40,BR,2020-10-25,83,-5.2,-35.46,26.0,3.6
211,Ribeira Grande,77,PT,2020-10-25,72,38.52,-28.7,18.41,2.33
212,Pizarro,100,CO,2020-10-25,86,4.95,-77.37,25.68,2.37
213,Calvinia,90,ZA,2020-10-25,57,-31.47,19.78,16.67,1.81
214,Poum,7,NC,2020-10-25,73,-20.23,164.02,25.18,6.69
215,La Cruz,0,MX,2020-10-25,67,23.92,-106.9,28.19,2.41
216,Tosya,98,TR,2020-10-25,34,41.02,34.04,15.19,0.23
217,Meseşenii de Jos,100,RO,2020-10-25,100,47.15,22.98,13.0,1.5
218,Pisco,0,PE,2020-10-25,72,-13.7,-76.22,19.0,7.7
219,Husavik,90,IS,2020-10-25,80,66.04,-17.34,5.0,2.6
220,Sīrjān,0,IR,2020-10-25,57,29.45,55.68,5.74,0.62
221,Lázaro Cárdenas,27,MX,2020-10-25,83,17.96,-102.2,28.36,3.34
222,Eirunepé,65,BR,2020-10-25,97,-6.66,-69.87,23.7,0.89
223,Omboué,100,GA,2020-10-25,88,-1.57,9.26,24.98,3.39
224,Moanda,100,GA,2020-10-25,98,-1.56,13.22,21.87,1.52
225,Cap-aux-Meules,75,CA,2020-10-25,51,47.38,-61.86,4.0,10.3
226,Española,90,US,2020-10-25,26,35.99,-106.08,17.22,6.7
227,Mount Isa,60,AU,2020-10-25,29,-20.73,139.5,24.0,5.7
228,Konde,38,TZ,2020-10-25,86,-4.95,39.75,24.7,2.39
229,Abhā,0,SA,2020-10-25,21,18.22,42.51,16.0,0.89
230,Jasper,90,US,2020-10-25,70,37.2,-94.35,8.0,4.6
231,San Quintín,82,MX,2020-10-25,69,30.48,-115.95,19.43,6.57
232,Chokurdakh,5,RU,2020-10-25,92,70.63,147.92,-14.38,4.32
233,Nikolskoye,90,RU,2020-10-25,93,59.7,30.79,6.11,3.0
234,Beihai,100,CN,2020-10-25,80,21.48,109.1,21.73,4.44
235,Dwārka,0,IN,2020-10-25,61,22.24,68.97,27.35,3.21
236,Pingliang,17,CN,2020-10-25,50,35.54,106.69,8.2,3.79
237,Santiago,0,CL,2020-10-25,55,-33.46,-70.65,18.89,6.7
238,Mayor Pablo Lagerenza,96,PY,2020-10-25,40,-19.93,-60.77,33.01,4.27
239,Lüderitz,78,NA,2020-10-25,53,-26.65,15.16,18.68,9.86
240,Vieux Fort,40,LC,2020-10-25,78,13.72,-60.95,28.0,7.2
241,Huayucachi,86,PE,2020-10-25,56,-12.13,-75.23,14.41,0.17
242,Comodoro Rivadavia,0,AR,2020-10-25,29,-45.87,-67.5,17.0,8.7
243,Adrar,51,MR,2020-10-25,13,20.5,-10.07,30.87,3.05
244,Tomohon,40,ID,2020-10-25,78,1.33,124.84,28.0,0.77
245,Dzilam González,49,MX,2020-10-25,90,21.28,-88.93,25.07,3.22
246,Lavrentiya,95,RU,2020-10-25,88,65.58,-171.0,1.01,3.57
247,Pochutla,20,MX,2020-10-25,74,15.74,-96.47,29.0,1.57
248,Paita,61,PE,2020-10-25,87,-5.09,-81.11,17.53,6.08
249,Takoradze,100,GH,2020-10-25,91,4.88,-1.76,25.17,3.75
250,Kita,2,ML,2020-10-25,26,13.03,-9.49,23.64,0.8
251,San Fernando del Valle de Catamarca,50,AR,2020-10-25,72,-28.47,-65.79,21.67,4.47
252,Gorin,5,RU,2020-10-25,74,51.2,136.67,4.05,1.25
253,Kargasok,100,RU,2020-10-25,98,59.06,80.86,-2.87,4.99
254,Inta,81,RU,2020-10-25,93,66.03,60.17,-8.43,4.14
255,Chumikan,0,RU,2020-10-25,87,54.72,135.31,-0.35,8.45
256,Castro,0,BR,2020-10-25,95,-24.79,-50.01,16.68,3.18
257,Carnarvon,75,AU,2020-10-25,83,-24.87,113.63,22.0,8.2
258,Srednekolymsk,32,RU,2020-10-25,91,67.45,153.68,-9.73,0.34
259,Milverton,90,CA,2020-10-25,86,43.57,-80.92,5.0,5.7
260,Joshīmath,6,IN,2020-10-25,50,30.57,79.57,7.4,0.65
261,College,90,US,2020-10-25,74,64.86,-147.8,0.56,2.1
262,Kavaratti,92,IN,2020-10-25,74,10.57,72.64,27.46,1.49
263,Arman',100,RU,2020-10-25,76,59.7,150.17,2.73,5.62
264,Somerset,90,US,2020-10-25,81,40.57,-74.55,9.44,1.5
265,Kismayo,75,SO,2020-10-25,82,-0.36,42.55,25.97,4.31
266,Hīt,24,IQ,2020-10-25,24,33.64,42.83,19.13,2.39
267,Alofi,90,NU,2020-10-25,83,-19.06,-169.92,25.0,5.1
268,Hobyo,5,SO,2020-10-25,82,5.35,48.53,26.29,3.21
269,Lakes Entrance,81,AU,2020-10-25,86,-37.88,147.98,14.44,1.34
270,Mirny,40,RU,2020-10-25,61,62.54,113.96,-9.0,4.0
271,San Vicente,41,AR,2020-10-25,58,-26.62,-54.13,24.94,1.89
272,Rawson,28,AR,2020-10-25,34,-43.3,-65.1,15.34,2.61
273,Acaraú,25,BR,2020-10-25,78,-2.89,-40.12,26.65,7.83
274,Kieta,50,PG,2020-10-25,65,-6.22,155.63,29.41,1.72
275,Umba,79,RU,2020-10-25,95,66.69,34.34,-2.97,3.5
276,Örnsköldsvik,100,SE,2020-10-25,100,63.29,18.72,9.0,4.1
277,Tuktoyaktuk,90,CA,2020-10-25,92,69.45,-133.04,-7.0,8.2
278,Nome,90,US,2020-10-25,80,64.5,-165.41,4.0,2.6
279,Gizo Government Station,39,SB,2020-10-25,68,-8.1,156.84,29.23,1.43
280,Apricena,5,IT,2020-10-25,93,41.78,15.44,12.22,1.0
281,Kibre Mengist,96,ET,2020-10-25,95,5.88,38.98,15.46,0.22
282,Puyang,89,CN,2020-10-25,78,29.46,119.89,15.88,0.53
283,Souillac,75,MU,2020-10-25,88,-20.52,57.52,22.0,8.2
284,Kavieng,100,PG,2020-10-25,76,-2.57,150.8,28.25,4.11
285,Zhoucheng,83,CN,2020-10-25,1,35.91,116.31,15.0,2.28
286,Ola,100,RU,2020-10-25,74,59.58,151.28,3.11,6.61
287,Murgab,0,TM,2020-10-25,45,37.5,61.97,10.0,2.1
288,Isiro,100,CD,2020-10-25,99,2.77,27.62,18.91,1.09
289,Sabha,0,LY,2020-10-25,34,27.04,14.43,19.82,3.81
290,Srebrenica,11,BA,2020-10-25,100,44.11,19.3,8.0,1.5
291,Mahanje,58,TZ,2020-10-25,79,-9.93,35.33,18.83,1.29
292,Richards Bay,100,ZA,2020-10-25,79,-28.78,32.04,21.27,5.14
293,Awjilah,0,LY,2020-10-25,85,29.11,21.29,17.3,2.76
294,Sangar,100,RU,2020-10-25,90,63.92,127.47,-9.05,1.88
295,Natal,40,BR,2020-10-25,83,-5.79,-35.21,26.0,3.6
296,Jumla,0,NP,2020-10-25,56,29.27,82.18,5.59,3.06
297,Varna,90,BG,2020-10-25,82,43.22,27.92,16.0,3.1
298,Inhambane,1,MZ,2020-10-25,90,-23.86,35.38,22.21,1.91
299,Talara,20,PE,2020-10-25,88,-4.58,-81.27,17.9,5.44
300,Hay River,75,CA,2020-10-25,68,60.82,-115.8,-2.0,4.1
301,Emirdağ,70,TR,2020-10-25,31,39.02,31.15,16.87,2.72
302,Santa Cruz de la Sierra,68,BO,2020-10-25,62,-17.8,-63.17,30.0,6.7
303,Anadyr,90,RU,2020-10-25,100,64.75,177.48,-5.0,3.0
304,San Cristobal,40,VE,2020-10-25,78,7.77,-72.22,27.0,2.6
305,Kailua,40,US,2020-10-25,78,21.4,-157.74,28.33,4.1
306,Birjand,0,IR,2020-10-25,23,32.87,59.22,4.0,4.1
307,Half Moon Bay,1,US,2020-10-25,72,37.46,-122.43,21.0,2.6
308,Lensk,100,RU,2020-10-25,96,60.73,114.93,-4.83,3.68
309,Berlevåg,67,NO,2020-10-25,88,70.86,29.09,1.13,9.75
310,Goderich,97,CA,2020-10-25,69,43.75,-81.72,6.11,6.33
311,Ust-Nera,51,RU,2020-10-25,87,64.57,143.2,-13.79,2.02
312,Yerbogachën,100,RU,2020-10-25,96,61.28,108.01,-4.76,1.94
313,Marzuq,0,YE,2020-10-25,32,14.4,46.47,16.2,0.48
314,Avera,90,US,2020-10-25,94,33.19,-82.53,23.0,1.5
315,Hatillo,40,PR,2020-10-25,78,18.49,-66.83,28.0,4.6
316,Sinnamary,55,GF,2020-10-25,81,5.38,-52.95,27.3,4.97
317,Bell Ville,41,AR,2020-10-25,78,-32.63,-62.69,15.0,1.34
318,Iquique,90,CL,2020-10-25,77,-20.22,-70.14,17.0,6.7
319,Udachny,0,RU,2020-10-25,84,66.42,112.4,-18.0,1.0
320,Tegul'det,99,RU,2020-10-25,97,57.31,88.17,-2.83,3.52
321,Suzano,0,BR,2020-10-25,82,-23.54,-46.31,19.0,2.1
322,Hambantota,95,LK,2020-10-25,80,6.12,81.12,25.63,4.12
323,Norman Wells,75,CA,2020-10-25,92,65.28,-126.83,-1.0,5.7
324,Smirnykh,100,RU,2020-10-25,78,49.75,142.83,5.02,5.33
325,Seydi,0,TM,2020-10-25,46,39.48,62.91,10.12,3.4
326,Kroya,100,ID,2020-10-25,82,-7.63,109.25,20.56,1.91
327,Bandarbeyla,10,SO,2020-10-25,79,9.49,50.81,23.75,4.42
328,Kulhudhuffushi,100,MV,2020-10-25,77,6.62,73.07,27.73,4.16
329,Cayenne,0,GF,2020-10-25,78,4.93,-52.33,28.0,1.5
330,Vredendal,67,ZA,2020-10-25,76,-31.67,18.5,15.21,0.76
331,Qaryat Sulūq,42,LY,2020-10-25,86,31.67,20.25,19.77,1.76
332,Morrinhos,100,BR,2020-10-25,90,-17.73,-49.1,21.43,2.02
333,Vyazemskiy,31,RU,2020-10-25,75,47.54,134.75,5.74,1.85
334,Rudnogorsk,10,RU,2020-10-25,98,57.26,103.75,-7.74,1.9
335,Porto Velho,40,BR,2020-10-25,88,-8.76,-63.9,26.0,0.5
336,Évreux,20,FR,2020-10-25,93,49.02,1.15,8.0,5.1
337,Paramonga,61,PE,2020-10-25,85,-10.67,-77.83,17.17,4.17
338,Bubaque,28,GW,2020-10-25,80,11.28,-15.83,28.64,5.45
339,Rognedino,91,RU,2020-10-25,89,53.8,33.56,6.39,1.43
340,Jijiga,0,ET,2020-10-25,37,9.35,42.8,14.08,1.8
341,Kandrian,92,PG,2020-10-25,63,-6.22,149.55,29.9,0.89
342,Aden,23,YE,2020-10-25,54,12.78,45.04,28.15,6.2
343,Waitati,100,NZ,2020-10-25,90,-45.75,170.57,8.33,0.89
344,Galveston,90,US,2020-10-25,83,29.37,-94.97,25.0,6.2
345,Province of Mantua,96,IT,2020-10-25,93,45.17,10.78,14.44,1.68
346,Raudeberg,56,NO,2020-10-25,82,61.99,5.14,8.33,9.58
347,Itō,75,JP,2020-10-25,72,34.97,139.08,19.0,4.1
348,La Ronge,40,CA,2020-10-25,53,55.1,-105.28,-4.0,3.1
349,Coquimbo,20,CL,2020-10-25,82,-29.95,-71.34,13.0,4.6
350,Milas,0,TR,2020-10-25,82,37.32,27.78,14.0,1.5
351,Longyearbyen,75,SJ,2020-10-25,74,78.22,15.64,-1.0,4.6
352,Hailar,100,CN,2020-10-25,93,49.2,119.7,-0.07,2.41
353,Nador,0,MA,2020-10-25,72,35.17,-2.93,18.0,3.1
354,Port Hardy,90,CA,2020-10-25,60,50.7,-127.42,7.0,3.1
355,Broken Hill,40,AU,2020-10-25,62,-31.95,141.43,12.0,7.7
356,Baijiantan,0,CN,2020-10-25,76,45.63,85.18,2.36,1.17
357,Baoying,65,CN,2020-10-25,73,33.23,119.31,14.7,1.27
358,Nizwá,0,OM,2020-10-25,35,22.93,57.53,16.74,1.0
359,Belmonte,75,BR,2020-10-25,88,-15.86,-38.88,25.0,3.1
360,Sur,0,OM,2020-10-25,60,22.57,59.53,23.43,3.68
361,El Alto,27,PE,2020-10-25,90,-4.27,-81.21,17.09,5.8
362,Haines Junction,100,CA,2020-10-25,90,60.75,-137.51,-1.36,1.37
363,Presidencia Roque Sáenz Peña,58,AR,2020-10-25,59,-26.79,-60.44,27.78,4.02
364,Honiara,75,SB,2020-10-25,74,-9.43,159.95,30.0,2.6
365,Una,0,IN,2020-10-25,59,20.82,71.03,25.9,2.96
366,Terrace,90,CA,2020-10-25,92,54.52,-128.6,-1.0,1.5
367,Marrakesh,3,MA,2020-10-25,67,31.63,-8.01,15.0,1.5
368,Jingdezhen,98,CN,2020-10-25,73,29.29,117.21,15.87,1.01
369,Makakilo City,1,US,2020-10-25,70,21.35,-158.09,29.0,3.6
370,Khandyga,0,RU,2020-10-25,92,62.67,135.6,-12.95,0.74
371,Salalah,0,OM,2020-10-25,60,17.02,54.09,24.0,2.6
372,Nogliki,100,RU,2020-10-25,93,51.83,143.17,4.32,11.25
373,Eskişehir,0,TR,2020-10-25,87,39.78,30.52,11.0,1.0
374,Emerald,0,AU,2020-10-25,60,-23.53,148.17,25.0,2.6
375,Intipucá,99,SV,2020-10-25,93,13.2,-88.05,25.02,0.88
376,Constantine,0,DZ,2020-10-25,61,36.37,6.61,8.0,0.5
377,Pitimbu,0,BR,2020-10-25,88,-7.47,-34.81,25.0,2.1
378,Nioki,72,CD,2020-10-25,93,-2.72,17.68,22.61,0.18
379,Puerto Madryn,21,AR,2020-10-25,29,-42.77,-65.04,17.25,6.29
380,Kaitangata,98,NZ,2020-10-25,66,-46.28,169.85,11.11,2.24
381,Kenai,90,US,2020-10-25,100,60.55,-151.26,2.78,9.8
382,Manaure,96,CO,2020-10-25,79,11.78,-72.44,28.39,1.27
383,Kachkanar,100,RU,2020-10-25,98,58.7,59.49,-4.16,1.0
384,Cidreira,27,BR,2020-10-25,88,-30.18,-50.21,20.74,11.43
385,Prieska,26,ZA,2020-10-25,21,-29.66,22.75,23.71,2.27
386,Vetlanda,100,SE,2020-10-25,100,57.43,15.08,11.11,1.5
387,Lagoa,78,PT,2020-10-25,68,39.05,-27.98,17.94,2.68
388,Campbell River,75,CA,2020-10-25,56,50.02,-125.24,6.0,2.1
389,Jardim,9,BR,2020-10-25,60,-21.48,-56.14,28.2,1.2
390,Manokwari,99,ID,2020-10-25,66,-0.87,134.08,28.82,0.33
391,Hohhot,0,CN,2020-10-25,34,40.81,111.65,9.0,6.0
392,Urucará,93,BR,2020-10-25,65,-2.54,-57.76,28.37,1.11
393,Sabang,100,ID,2020-10-25,74,5.89,95.32,28.05,7.9
394,Saint-Paul,75,RE,2020-10-25,73,-21.01,55.27,22.0,7.7
395,Nizhniy Kuranakh,100,RU,2020-10-25,94,58.84,125.49,-1.89,0.23
396,Geraldton,0,AU,2020-10-25,93,-28.77,114.6,18.0,6.3
397,Deputatsky,4,RU,2020-10-25,89,69.3,139.9,-15.68,2.49
398,Road Town,40,VG,2020-10-25,74,18.42,-64.62,29.0,4.6
399,Svetlaya,1,RU,2020-10-25,57,46.54,138.33,8.2,3.7
400,Springdale,90,US,2020-10-25,87,36.19,-94.13,9.44,1.5
401,Mareeba,30,AU,2020-10-25,58,-17.0,145.43,30.0,3.1
402,Åmot,71,NO,2020-10-25,93,59.57,7.99,2.78,1.98
403,Gouré,12,NE,2020-10-25,20,13.98,10.27,26.67,2.68
404,Baghdad,0,IQ,2020-10-25,51,33.34,44.4,17.0,1.0
405,Esil,100,KZ,2020-10-25,81,51.96,66.4,9.01,9.04
406,Price,75,US,2020-10-25,44,39.6,-110.81,4.0,6.7
407,Fostoria,100,US,2020-10-25,69,41.16,-83.42,9.44,3.13
408,Nantucket,20,US,2020-10-25,70,41.28,-70.1,10.0,4.6
409,Nouadhibou,0,MR,2020-10-25,57,20.93,-17.03,25.0,10.8
410,Cowra,91,AU,2020-10-25,79,-33.83,148.68,9.44,3.13
411,Padang,100,ID,2020-10-25,69,-0.95,100.35,26.13,0.76
412,San Rafael,0,AR,2020-10-25,32,-34.62,-68.33,17.91,4.12
413,Martil,20,MA,2020-10-25,68,35.62,-5.28,19.0,10.3
414,Amapá,6,BR,2020-10-25,70,1.0,-52.0,26.03,1.85
415,Margate,100,GB,2020-10-25,82,51.38,1.39,10.56,0.89
416,Pangkalanbuun,100,ID,2020-10-25,90,-2.68,111.62,25.6,0.98
417,Yenagoa,62,NG,2020-10-25,93,4.92,6.26,24.09,0.38
418,Sai Buri,100,TH,2020-10-25,88,6.7,101.62,25.11,2.25
419,Wanaka,100,NZ,2020-10-25,81,-44.7,169.15,9.45,2.34
420,Kurayoshi,40,JP,2020-10-25,76,35.43,133.82,13.0,4.6
421,Sabla,29,NG,2020-10-25,23,12.75,4.71,27.29,2.82
422,Tāybād,0,IR,2020-10-25,63,34.74,60.78,6.04,0.33
423,Khasan,2,RU,2020-10-25,58,42.43,130.64,8.85,3.3
424,Pyapon,57,MM,2020-10-25,89,16.28,95.68,24.45,0.84
425,Gamba,100,GA,2020-10-25,89,-2.65,10.0,24.72,3.87
426,Berbera,1,SO,2020-10-25,52,10.44,45.01,27.62,2.53
427,Vestmanna,2,FO,2020-10-25,87,62.16,-7.17,6.0,3.1
428,Leningradskiy,73,RU,2020-10-25,91,69.38,178.42,-3.58,2.6
429,Morón,90,AR,2020-10-25,99,-34.65,-58.62,20.0,1.79
430,Redcar,17,GB,2020-10-25,87,54.62,-1.06,7.22,6.71
431,Faro,40,PT,2020-10-25,88,37.02,-7.93,17.0,6.7
432,Fowa,78,NG,2020-10-25,74,8.92,6.4,24.85,0.85
433,Cabo San Lucas,40,MX,2020-10-25,58,22.89,-109.91,31.11,5.1
434,Sisimiut,97,GL,2020-10-25,86,66.94,-53.67,-6.26,4.42
435,Lhokseumawe,100,ID,2020-10-25,79,5.18,97.15,25.21,1.71
436,Christchurch,100,NZ,2020-10-25,100,-43.53,172.63,14.44,6.2
437,Mormugao,1,IN,2020-10-25,88,15.4,73.8,24.31,2.59
438,George,100,ZA,2020-10-25,100,-33.96,22.46,15.0,3.1
439,Inongo,49,CD,2020-10-25,86,-1.95,18.27,22.44,2.04
440,Värnamo,100,SE,2020-10-25,97,57.19,14.04,10.0,1.1
441,Moba,94,CN,2020-10-25,69,33.23,105.02,7.76,2.24
442,Langenburg,81,DE,2020-10-25,81,49.25,9.85,11.0,2.6
443,Lorengau,100,PG,2020-10-25,65,-2.02,147.27,30.06,2.55
444,Shingū,40,JP,2020-10-25,62,33.73,135.98,15.0,2.1
445,Tsiroanomandidy,55,MG,2020-10-25,56,-18.77,46.03,21.14,1.42
446,Ambilobe,0,MG,2020-10-25,75,-13.2,49.05,20.67,2.2
447,Muros,86,ES,2020-10-25,92,42.78,-9.06,8.89,1.34
448,Asmara,38,ER,2020-10-25,65,15.33,38.93,13.56,2.1
449,Mercedes,68,AR,2020-10-25,76,-34.65,-59.43,19.44,2.68
450,Boden,100,SE,2020-10-25,100,65.83,21.69,4.0,10.3
451,Coffs Harbour,75,AU,2020-10-25,73,-30.3,153.13,21.0,2.6
452,Beloha,93,MG,2020-10-25,80,-25.17,45.05,19.57,1.8
453,Quelimane,0,MZ,2020-10-25,83,-17.88,36.89,25.0,5.1
454,Teya,100,RU,2020-10-25,94,60.38,92.63,-7.08,1.24
455,Northam,30,GB,2020-10-25,86,51.03,-4.22,10.56,4.92
456,Sterling,90,US,2020-10-25,93,39.01,-77.43,8.33,2.6
457,Port-Gentil,75,GA,2020-10-25,83,-0.72,8.78,26.0,5.1
458,Santa Vitória do Palmar,100,BR,2020-10-25,88,-33.52,-53.37,19.41,6.23
459,Ulagan,100,RU,2020-10-25,79,50.63,87.96,-3.22,1.2
460,Longyan,59,CN,2020-10-25,60,25.11,117.02,18.92,1.28
461,Zhob,0,PK,2020-10-25,44,31.34,69.45,9.38,0.51
462,La Tiza,100,PA,2020-10-25,86,7.75,-80.28,25.44,2.31
463,Paraíso,75,CR,2020-10-25,88,9.84,-83.87,21.0,4.1
464,Bugiri,100,UG,2020-10-25,91,0.57,33.74,19.38,2.24
465,Kidal,0,ML,2020-10-25,16,18.44,1.41,24.39,3.82
466,Liubar,100,UA,2020-10-25,81,49.92,27.76,10.04,4.03
467,Port Victoria,100,KE,2020-10-25,90,0.09,33.98,20.3,4.43
468,Haapiti,40,PF,2020-10-25,70,-17.57,-149.87,29.0,3.1
469,Strängnäs,100,SE,2020-10-25,93,59.38,17.03,11.67,3.6
470,Prince Albert,75,CA,2020-10-25,49,53.2,-105.77,-4.0,5.7
471,Marawi,100,PH,2020-10-25,84,8.0,124.29,25.56,2.24
472,Leh,87,IN,2020-10-25,81,34.17,77.58,-3.33,1.29
473,Prince George,90,CA,2020-10-25,62,53.92,-122.75,-3.89,4.6
474,Florianópolis,75,BR,2020-10-25,83,-27.61,-48.5,23.0,3.6
475,Kabinda,100,CD,2020-10-25,96,-6.13,24.48,20.19,1.97
476,Putina,61,PE,2020-10-25,64,-15.47,-69.43,9.34,2.24
477,Fukuechō,20,JP,2020-10-25,93,32.69,128.84,14.0,1.0
478,Smithers,90,CA,2020-10-25,63,54.78,-127.17,-3.0,0.4
479,Kupang,20,ID,2020-10-25,88,-10.17,123.58,26.0,1.5
480,Rāwah,99,IQ,2020-10-25,28,34.48,41.91,17.6,0.56
481,Nizhniy Chir,3,RU,2020-10-25,81,48.36,43.09,8.03,2.81
482,Brandon,75,US,2020-10-25,74,27.94,-82.29,29.0,1.5
483,Karasburg,46,NA,2020-10-25,25,-28.02,18.75,20.17,2.1
484,São Félix do Xingu,70,BR,2020-10-25,64,-6.64,-51.99,26.59,0.3
485,Conde,0,BR,2020-10-25,88,-7.26,-34.91,25.0,2.1
486,Ningxiang,15,CN,2020-10-25,53,37.34,111.21,8.73,1.71
487,Sharjah city,0,AE,2020-10-25,49,25.36,55.4,26.0,2.6
488,Mānsa,48,IN,2020-10-25,27,29.98,75.38,18.9,0.99
489,Port Lincoln,56,AU,2020-10-25,57,-34.73,135.87,13.21,7.94
490,Samāstipur,7,IN,2020-10-25,67,25.85,85.78,21.66,1.34
491,Dhaka,40,BD,2020-10-25,69,23.71,90.41,28.0,1.46
492,Kemijärvi,100,FI,2020-10-25,98,66.71,27.43,-0.31,5.33
493,Mahibadhoo,93,MV,2020-10-25,77,3.78,72.97,27.81,4.37
494,Varhaug,24,NO,2020-10-25,92,58.61,5.65,8.33,7.05
495,Paamiut,100,GL,2020-10-25,89,61.99,-49.67,2.06,4.54
496,Kwinana,0,AU,2020-10-25,72,-32.25,115.77,20.56,4.54
497,Tshikapa,99,CD,2020-10-25,94,-6.42,20.8,22.07,1.04
498,Ancud,75,CL,2020-10-25,76,-41.87,-73.82,10.56,6.2
499,Los Rastrojos,68,VE,2020-10-25,89,10.03,-69.24,22.58,0.43
500,Sarakhs,0,IR,2020-10-25,34,36.54,61.16,11.0,2.1
501,Melo,87,UY,2020-10-25,90,-32.37,-54.18,21.13,5.13
502,Carutapera,100,BR,2020-10-25,79,-1.2,-46.02,26.48,3.28
503,Crotone,0,IT,2020-10-25,61,39.09,17.12,17.04,1.77
504,Princeton,90,US,2020-10-25,94,25.54,-80.41,26.0,4.09
505,Sadovoye,0,RU,2020-10-25,76,47.78,44.51,8.73,2.85
506,Bahía Blanca,65,AR,2020-10-25,54,-38.72,-62.27,12.82,3.06
507,Arrondissement du Havre,32,FR,2020-10-25,81,49.58,0.33,10.0,7.7
508,Te Anau,100,NZ,2020-10-25,65,-45.42,167.72,10.33,1.87
509,Trujillo,54,PE,2020-10-25,83,-8.12,-79.03,17.77,3.56
510,Dingle,100,PH,2020-10-25,91,11.0,122.67,24.47,8.17
511,Boende,100,CD,2020-10-25,97,-0.22,20.87,21.62,0.56
512,Alta Floresta,100,BR,2020-10-25,64,-9.88,-56.09,25.43,0.28
513,Tiruvannamalai,96,IN,2020-10-25,90,12.22,79.07,23.31,1.0
514,Bukachacha,100,RU,2020-10-25,93,52.98,116.92,-0.06,0.58
515,Manavālakurichi,20,IN,2020-10-25,88,8.13,77.3,27.0,1.0
516,Siavonga,0,ZM,2020-10-25,40,-16.54,28.71,26.62,1.98
517,Sørland,75,NO,2020-10-25,86,67.67,12.69,5.0,4.6
518,Zabaykal'sk,43,RU,2020-10-25,93,49.63,117.32,-0.39,2.47
519,Zarubino,0,RU,2020-10-25,60,42.63,131.09,8.55,2.53
520,Tooele,90,US,2020-10-25,88,40.53,-112.3,0.0,6.7
521,Ust'-Barguzin,91,RU,2020-10-25,90,53.45,108.98,-1.52,3.84
522,Kirkenær,85,NO,2020-10-25,96,60.46,12.06,6.11,2.67
523,Toyooka,40,JP,2020-10-25,76,35.53,134.83,13.0,4.6
524,Pacific Grove,40,US,2020-10-25,72,36.62,-121.92,17.22,3.6
525,Cabedelo,0,BR,2020-10-25,88,-6.98,-34.83,25.0,2.1
526,Taoudenni,25,ML,2020-10-25,14,22.68,-3.98,29.82,3.59
527,Tartous,0,SY,2020-10-25,31,34.89,35.89,25.84,2.29
528,Banjar,40,ID,2020-10-25,94,-8.19,114.97,26.0,1.5
529,Villamontes,83,BO,2020-10-25,41,-21.25,-63.5,32.54,2.41
530,Vao,4,NC,2020-10-25,82,-22.67,167.48,22.64,5.8
531,Lobito,88,AO,2020-10-25,84,-12.35,13.55,23.36,3.41
532,Matamoros,5,MX,2020-10-25,13,25.53,-103.25,35.0,2.53
533,Kondinskoye,100,RU,2020-10-25,98,59.65,67.41,-1.9,1.45
534,Labuhan,98,ID,2020-10-25,79,-6.88,112.21,27.29,3.78
535,Quatre Cocos,75,MU,2020-10-25,88,-20.21,57.76,22.78,8.2
536,Sherbakul',75,RU,2020-10-25,100,54.63,72.4,7.0,4.0
537,Victor Harbor,50,AU,2020-10-25,69,-35.57,138.62,13.89,0.89
538,La Libertad,75,EC,2020-10-25,83,-2.23,-80.9,23.0,5.1
539,Aksaray,0,TR,2020-10-25,39,38.37,34.03,8.0,3.6
540,Marabu,40,MY,2020-10-25,94,4.41,114.01,24.0,3.6
541,Mutsu,75,JP,2020-10-25,87,41.29,141.22,12.78,2.6
542,Sakaiminato,20,JP,2020-10-25,87,35.55,133.23,13.0,2.1
543,Andros Town,0,BS,2020-10-25,94,24.7,-77.77,26.0,3.1
544,Aklavik,90,CA,2020-10-25,79,68.22,-135.01,-5.0,7.2
545,Havelock,90,US,2020-10-25,88,34.88,-76.9,21.11,4.6
546,São João da Barra,99,BR,2020-10-25,85,-21.64,-41.05,22.21,4.66
547,Pangnirtung,27,CA,2020-10-25,84,66.15,-65.71,-10.97,2.06
548,Changji,0,CN,2020-10-25,69,44.02,87.32,3.0,2.0
549,Djibo,6,BF,2020-10-25,14,14.1,-1.63,28.22,3.19
550,Ust'-Kishert',100,RU,2020-10-25,97,57.37,57.25,-0.47,1.97
551,Mumford,43,GH,2020-10-25,91,5.26,-0.76,25.54,4.05
552,Yanam,39,IN,2020-10-25,82,16.73,82.22,23.69,1.18
553,San Carlos,51,VE,2020-10-25,91,9.66,-68.58,24.26,1.17
554,Sarangani,100,PH,2020-10-25,75,5.4,125.46,28.57,5.43
555,Guerrero Negro,47,MX,2020-10-25,68,27.98,-114.06,21.19,8.04
556,Redlands,75,US,2020-10-25,55,34.06,-117.18,19.0,4.1
557,Ndélé,58,CF,2020-10-25,77,8.41,20.65,22.73,1.27
558,Goya,67,AR,2020-10-25,95,-29.14,-59.26,20.64,6.6
559,Mahanoro,18,MG,2020-10-25,87,-19.9,48.8,20.14,1.4
560,Markova,100,UA,2020-10-25,88,48.68,24.41,10.46,0.94
561,Araranguá,15,BR,2020-10-25,91,-28.93,-49.49,20.31,4.02
562,San Jerónimo,87,PE,2020-10-25,60,-11.95,-75.28,13.37,0.63
563,Palmer,75,US,2020-10-25,65,42.16,-72.33,7.0,1.5
564,Myitkyina,47,MM,2020-10-25,93,25.38,97.4,20.65,0.66
565,Babu,58,CN,2020-10-25,68,24.42,111.52,20.67,1.63
566,Maragogi,44,BR,2020-10-25,82,-9.01,-35.22,24.93,5.54
567,Mitsamiouli,0,KM,2020-10-25,76,-11.38,43.28,26.1,6.36
568,Srandakan,100,ID,2020-10-25,84,-7.94,110.25,26.41,4.19
569,Nishihara,40,JP,2020-10-25,68,26.18,127.76,23.0,2.6
570,Santiago del Estero,46,AR,2020-10-25,67,-27.8,-64.26,25.24,11.33
571,Cao Bang,51,VN,2020-10-25,77,22.67,106.25,20.89,0.51
572,San Benito,45,US,2020-10-25,57,36.62,-121.08,20.56,1.34
573,Yatou,64,CN,2020-10-25,67,37.15,122.38,14.37,1.03
574,Arlit,0,NE,2020-10-25,18,18.74,7.39,24.81,4.11
